,is_lem,is_stop,is_stem,is_alpha,is_lowercase,ngram_range,min_df,max_df,alpha,Accuracy_cv_train,Accuracy_cv_validation,Accuracy_tf_train,Accuracy_tf_validation
0,True,True,True,True,True,"(1, 2)",3,0.8,0.001,0.6754646711578963,0.6321885795570006,0.6863353641554735,0.6339158707579761
1,True,True,True,True,True,"(1, 2)",3,0.8,0.01,0.6749659153170832,0.6327982117455802,0.6860022535026676,0.6346271083113189
2,True,True,True,True,True,"(1, 2)",3,0.9,0.001,0.6754646711578963,0.6321885795570006,0.6863353641554735,0.6339158707579761
3,True,True,True,True,True,"(1, 2)",3,0.9,0.01,0.6749659153170832,0.6327982117455802,0.6860022535026676,0.6346271083113189
4,True,True,True,True,True,"(1, 2)",3,default,0.001,0.6754646711578963,0.6321885795570006,0.6863353641554735,0.6339158707579761
5,True,True,True,True,True,"(1, 2)",3,default,0.01,0.6749659153170832,0.6327982117455802,0.6860022535026676,0.6346271083113189
6,True,True,True,True,True,"(1, 2)",10,0.8,0.001,0.6328993186703971,0.6278195488721805,0.6396925916554871,0.6322901849217639
7,True,True,True,True,True,"(1, 2)",10,0.8,0.01,0.6328792956256929,0.6277179435074172,0.6396507252892875,0.6322901849217639
8,True,True,True,True,True,"(1, 2)",10,0.9,0.001,0.6328993186703971,0.6278195488721805,0.6396925916554871,0.6322901849217639
9,True,True,True,True,True,"(1, 2)",10,0.9,0.01,0.6328792956256929,0.6277179435074172,0.6396507252892875,0.6322901849217639
10,True,True,True,True,True,"(1, 2)",10,default,0.001,0.6328993186703971,0.6278195488721805,0.6396925916554871,0.6322901849217639
11,True,True,True,True,True,"(1, 2)",10,default,0.01,0.6328792956256929,0.6277179435074172,0.6396507252892875,0.6322901849217639
12,True,True,True,True,True,"(1, 2)",20,0.8,0.001,0.6188922887614291,0.6191830928673034,0.623756068347753,0.6245681771997561
13,True,True,True,True,True,"(1, 2)",20,0.8,0.01,0.6188831873774726,0.6191830928673034,0.6237324047494662,0.6246697825645194
14,True,True,True,True,True,"(1, 2)",20,0.9,0.001,0.6188922887614291,0.6191830928673034,0.623756068347753,0.6245681771997561
15,True,True,True,True,True,"(1, 2)",20,0.9,0.01,0.6188831873774726,0.6191830928673034,0.6237324047494662,0.6246697825645194
16,True,True,True,True,True,"(1, 2)",20,default,0.001,0.6188922887614291,0.6191830928673034,0.623756068347753,0.6245681771997561
17,True,True,True,True,True,"(1, 2)",20,default,0.01,0.6188831873774726,0.6191830928673034,0.6237324047494662,0.6246697825645194
18,True,True,True,True,False,"(1, 2)",3,0.8,0.001,0.6754846942026005,0.6322901849217639,0.68634446553943,0.6339158707579761
19,True,True,True,True,False,"(1, 2)",3,0.8,0.01,0.6749822978082047,0.6327982117455802,0.686011354886624,0.6346271083113189
20,True,True,True,True,False,"(1, 2)",3,0.9,0.001,0.6754846942026005,0.6322901849217639,0.68634446553943,0.6339158707579761
21,True,True,True,True,False,"(1, 2)",3,0.9,0.01,0.6749822978082047,0.6327982117455802,0.686011354886624,0.6346271083113189
22,True,True,True,True,False,"(1, 2)",3,default,0.001,0.6754846942026005,0.6322901849217639,0.68634446553943,0.6339158707579761
23,True,True,True,True,False,"(1, 2)",3,default,0.01,0.6749822978082047,0.6327982117455802,0.686011354886624,0.6346271083113189
24,True,True,True,True,False,"(1, 2)",10,0.8,0.001,0.6328938578400232,0.6277179435074172,0.6396871308251133,0.6321885795570006
25,True,True,True,True,False,"(1, 2)",10,0.8,0.01,0.6328811159024841,0.6276163381426539,0.6396507252892875,0.6321885795570006
26,True,True,True,True,False,"(1, 2)",10,0.9,0.001,0.6328938578400232,0.6277179435074172,0.6396871308251133,0.6321885795570006
27,True,True,True,True,False,"(1, 2)",10,0.9,0.01,0.6328811159024841,0.6276163381426539,0.6396507252892875,0.6321885795570006
28,True,True,True,True,False,"(1, 2)",10,default,0.001,0.6328938578400232,0.6277179435074172,0.6396871308251133,0.6321885795570006
29,True,True,True,True,False,"(1, 2)",10,default,0.01,0.6328811159024841,0.6276163381426539,0.6396507252892875,0.6321885795570006
30,True,True,True,True,False,"(1, 2)",20,0.8,0.001,0.6188813671006813,0.6190814875025401,0.6237742711156659,0.6245681771997561
31,True,True,True,True,False,"(1, 2)",20,0.8,0.01,0.6188704454399336,0.6190814875025401,0.6237415061334226,0.6246697825645194
32,True,True,True,True,False,"(1, 2)",20,0.9,0.001,0.6188813671006813,0.6190814875025401,0.6237742711156659,0.6245681771997561
33,True,True,True,True,False,"(1, 2)",20,0.9,0.01,0.6188704454399336,0.6190814875025401,0.6237415061334226,0.6246697825645194
34,True,True,True,True,False,"(1, 2)",20,default,0.001,0.6188813671006813,0.6190814875025401,0.6237742711156659,0.6245681771997561
35,True,True,True,True,False,"(1, 2)",20,default,0.01,0.6188704454399336,0.6190814875025401,0.6237415061334226,0.6246697825645194
36,True,True,True,False,True,"(1, 2)",3,0.8,0.001,0.6764184961965316,0.6332046332046332,0.687409327462334,0.6342206868522658
37,True,True,True,False,True,"(1, 2)",3,0.8,0.01,0.6758614914983972,0.6338142653932127,0.6870361707201197,0.6345255029465556
38,True,True,True,False,True,"(1, 2)",3,0.9,0.001,0.6764184961965316,0.6332046332046332,0.687409327462334,0.6342206868522658
39,True,True,True,False,True,"(1, 2)",3,0.9,0.01,0.6758614914983972,0.6338142653932127,0.6870361707201197,0.6345255029465556
40,True,True,True,False,True,"(1, 2)",3,default,0.001,0.6764184961965316,0.6332046332046332,0.687409327462334,0.6342206868522658
41,True,True,True,False,True,"(1, 2)",3,default,0.01,0.6758614914983972,0.6338142653932127,0.6870361707201197,0.6345255029465556
42,True,True,True,False,True,"(1, 2)",10,0.8,0.001,0.6335218533330178,0.6285307864255233,0.6403224074252731,0.6321885795570006
43,True,True,True,False,True,"(1, 2)",10,0.8,0.01,0.6334708855828617,0.6285307864255233,0.6402951032734038,0.6321885795570006
44,True,True,True,False,True,"(1, 2)",10,0.9,0.001,0.6335218533330178,0.6285307864255233,0.6403224074252731,0.6321885795570006
45,True,True,True,False,True,"(1, 2)",10,0.9,0.01,0.6334708855828617,0.6285307864255233,0.6402951032734038,0.6321885795570006
46,True,True,True,False,True,"(1, 2)",10,default,0.001,0.6335218533330178,0.6285307864255233,0.6403224074252731,0.6321885795570006
47,True,True,True,False,True,"(1, 2)",10,default,0.01,0.6334708855828617,0.6285307864255233,0.6402951032734038,0.6321885795570006
48,True,True,True,False,True,"(1, 2)",20,0.8,0.001,0.6194383717988158,0.6196911196911197,0.6244040868854518,0.6250762040235724
49,True,True,True,False,True,"(1, 2)",20,0.8,0.01,0.6194347312452332,0.6196911196911197,0.6243949855014953,0.6250762040235724
50,True,True,True,False,True,"(1, 2)",20,0.9,0.001,0.6194383717988158,0.6196911196911197,0.6244040868854518,0.6250762040235724
51,True,True,True,False,True,"(1, 2)",20,0.9,0.01,0.6194347312452332,0.6196911196911197,0.6243949855014953,0.6250762040235724
52,True,True,True,False,True,"(1, 2)",20,default,0.001,0.6194383717988158,0.6196911196911197,0.6244040868854518,0.6250762040235724
53,True,True,True,False,True,"(1, 2)",20,default,0.01,0.6194347312452332,0.6196911196911197,0.6243949855014953,0.6250762040235724
54,True,True,True,False,False,"(1, 2)",3,0.8,0.001,0.6764184961965316,0.6333062385693965,0.6874566546589075,0.6342206868522658
55,True,True,True,False,False,"(1, 2)",3,0.8,0.01,0.6758724131591449,0.6338142653932127,0.6870489126576588,0.6346271083113189
56,True,True,True,False,False,"(1, 2)",3,0.9,0.001,0.6764184961965316,0.6333062385693965,0.6874566546589075,0.6342206868522658
57,True,True,True,False,False,"(1, 2)",3,0.9,0.01,0.6758724131591449,0.6338142653932127,0.6870489126576588,0.6346271083113189
58,True,True,True,False,False,"(1, 2)",3,default,0.001,0.6764184961965316,0.6333062385693965,0.6874566546589075,0.6342206868522658
59,True,True,True,False,False,"(1, 2)",3,default,0.01,0.6758724131591449,0.6338142653932127,0.6870489126576588,0.6346271083113189
60,True,True,True,False,False,"(1, 2)",10,0.8,0.001,0.6335127519490614,0.6282259703312335,0.6403187668716905,0.6321885795570006
61,True,True,True,False,False,"(1, 2)",10,0.8,0.01,0.6334672450292792,0.6282259703312335,0.6403060249341515,0.6321885795570006
62,True,True,True,False,False,"(1, 2)",10,0.9,0.001,0.6335127519490614,0.6282259703312335,0.6403187668716905,0.6321885795570006
63,True,True,True,False,False,"(1, 2)",10,0.9,0.01,0.6334672450292792,0.6282259703312335,0.6403060249341515,0.6321885795570006
64,True,True,True,False,False,"(1, 2)",10,default,0.001,0.6335127519490614,0.6282259703312335,0.6403187668716905,0.6321885795570006
65,True,True,True,False,False,"(1, 2)",10,default,0.01,0.6334672450292792,0.6282259703312335,0.6403060249341515,0.6321885795570006
66,True,True,True,False,False,"(1, 2)",20,0.8,0.001,0.6194110676469464,0.6195895143263564,0.6243676813496261,0.6249745986588092
67,True,True,True,False,False,"(1, 2)",20,0.8,0.01,0.6194056068165725,0.6195895143263564,0.6243749624567911,0.6249745986588092
68,True,True,True,False,False,"(1, 2)",20,0.9,0.001,0.6194110676469464,0.6195895143263564,0.6243676813496261,0.6249745986588092
69,True,True,True,False,False,"(1, 2)",20,0.9,0.01,0.6194056068165725,0.6195895143263564,0.6243749624567911,0.6249745986588092
70,True,True,True,False,False,"(1, 2)",20,default,0.001,0.6194110676469464,0.6195895143263564,0.6243676813496261,0.6249745986588092
71,True,True,True,False,False,"(1, 2)",20,default,0.01,0.6194056068165725,0.6195895143263564,0.6243749624567911,0.6249745986588092
72,True,True,False,True,True,"(1, 2)",3,0.8,0.001,0.6771083811004301,0.628022759601707,0.6879681524372596,0.6316805527331844
73,True,True,False,True,True,"(1, 2)",3,0.8,0.01,0.6765896022149128,0.6289372078845763,0.6875895348646716,0.6323917902865271
74,True,True,False,True,True,"(1, 2)",3,0.9,0.001,0.6771083811004301,0.628022759601707,0.6879681524372596,0.6316805527331844
75,True,True,False,True,True,"(1, 2)",3,0.9,0.01,0.6765896022149128,0.6289372078845763,0.6875895348646716,0.6323917902865271
76,True,True,False,True,True,"(1, 2)",3,default,0.001,0.6771083811004301,0.628022759601707,0.6879681524372596,0.6316805527331844
77,True,True,False,True,True,"(1, 2)",3,default,0.01,0.6765896022149128,0.6289372078845763,0.6875895348646716,0.6323917902865271
78,True,True,False,True,True,"(1, 2)",10,0.8,0.001,0.6329903325099615,0.6273115220483642,0.639698052485861,0.6325950010160536
79,True,True,False,True,True,"(1, 2)",10,0.8,0.01,0.6329284430990576,0.6275147327778907,0.6396525455660788,0.6325950010160536
80,True,True,False,True,True,"(1, 2)",10,0.9,0.001,0.6329903325099615,0.6273115220483642,0.639698052485861,0.6325950010160536
81,True,True,False,True,True,"(1, 2)",10,0.9,0.01,0.6329284430990576,0.6275147327778907,0.6396525455660788,0.6325950010160536
82,True,True,False,True,True,"(1, 2)",10,default,0.001,0.6329903325099615,0.6273115220483642,0.639698052485861,0.6325950010160536
83,True,True,False,True,True,"(1, 2)",10,default,0.01,0.6329284430990576,0.6275147327778907,0.6396525455660788,0.6325950010160536
84,True,True,False,True,True,"(1, 2)",20,0.8,0.001,0.6180622425446013,0.6195895143263564,0.623220906971114,0.6289372078845763
85,True,True,False,True,True,"(1, 2)",20,0.8,0.01,0.6180531411606449,0.6194879089615932,0.6232245475246966,0.6288356025198131
86,True,True,False,True,True,"(1, 2)",20,0.9,0.001,0.6180622425446013,0.6195895143263564,0.623220906971114,0.6289372078845763
87,True,True,False,True,True,"(1, 2)",20,0.9,0.01,0.6180531411606449,0.6194879089615932,0.6232245475246966,0.6288356025198131
88,True,True,False,True,True,"(1, 2)",20,default,0.001,0.6180622425446013,0.6195895143263564,0.623220906971114,0.6289372078845763
89,True,True,False,True,True,"(1, 2)",20,default,0.01,0.6180531411606449,0.6194879089615932,0.6232245475246966,0.6288356025198131
90,True,True,False,True,False,"(1, 2)",3,0.8,0.001,0.6785700633638351,0.6283275756959967,0.6893606641825956,0.630766104450315
91,True,True,False,True,False,"(1, 2)",3,0.8,0.01,0.6780585655854829,0.6289372078845763,0.689003889931503,0.6310709205446048
92,True,True,False,True,False,"(1, 2)",3,0.9,0.001,0.6785700633638351,0.6283275756959967,0.6893606641825956,0.630766104450315
93,True,True,False,True,False,"(1, 2)",3,0.9,0.01,0.6780585655854829,0.6289372078845763,0.689003889931503,0.6310709205446048
94,True,True,False,True,False,"(1, 2)",3,default,0.001,0.6785700633638351,0.6283275756959967,0.6893606641825956,0.630766104450315
95,True,True,False,True,False,"(1, 2)",3,default,0.01,0.6780585655854829,0.6289372078845763,0.689003889931503,0.6310709205446048
96,True,True,False,True,False,"(1, 2)",10,0.8,0.001,0.633472705859653,0.6259906523064418,0.6403588129610989,0.6319853688274741
97,True,True,False,True,False,"(1, 2)",10,0.8,0.01,0.6334490422613662,0.626092257671205,0.6403315088092295,0.6320869741922374
98,True,True,False,True,False,"(1, 2)",10,0.9,0.001,0.633472705859653,0.6259906523064418,0.6403588129610989,0.6319853688274741
99,True,True,False,True,False,"(1, 2)",10,0.9,0.01,0.6334490422613662,0.626092257671205,0.6403315088092295,0.6320869741922374
100,True,True,False,True,False,"(1, 2)",10,default,0.001,0.633472705859653,0.6259906523064418,0.6403588129610989,0.6319853688274741
101,True,True,False,True,False,"(1, 2)",10,default,0.01,0.6334490422613662,0.626092257671205,0.6403315088092295,0.6320869741922374
102,True,True,False,True,False,"(1, 2)",20,0.8,0.001,0.6185191320192148,0.621011989433042,0.6236814369993101,0.6249745986588092
103,True,True,False,True,False,"(1, 2)",20,0.8,0.01,0.6185154914656322,0.621011989433042,0.6236814369993101,0.6249745986588092
104,True,True,False,True,False,"(1, 2)",20,0.9,0.001,0.6185191320192148,0.621011989433042,0.6236814369993101,0.6249745986588092
105,True,True,False,True,False,"(1, 2)",20,0.9,0.01,0.6185154914656322,0.621011989433042,0.6236814369993101,0.6249745986588092
106,True,True,False,True,False,"(1, 2)",20,default,0.001,0.6185191320192148,0.621011989433042,0.6236814369993101,0.6249745986588092
107,True,True,False,True,False,"(1, 2)",20,default,0.01,0.6185154914656322,0.621011989433042,0.6236814369993101,0.6249745986588092
108,True,True,False,False,True,"(1, 2)",3,0.8,0.001,0.6780057775585355,0.6282259703312335,0.6890657793424068,0.6310709205446048
109,True,True,False,False,True,"(1, 2)",3,0.8,0.01,0.6774742567354792,0.6290388132493395,0.6886835212162361,0.6313757366388946
110,True,True,False,False,True,"(1, 2)",3,0.9,0.001,0.6780057775585355,0.6282259703312335,0.6890657793424068,0.6310709205446048
111,True,True,False,False,True,"(1, 2)",3,0.9,0.01,0.6774742567354792,0.6290388132493395,0.6886835212162361,0.6313757366388946
112,True,True,False,False,True,"(1, 2)",3,default,0.001,0.6780057775585355,0.6282259703312335,0.6890657793424068,0.6310709205446048
113,True,True,False,False,True,"(1, 2)",3,default,0.01,0.6774742567354792,0.6290388132493395,0.6886835212162361,0.6313757366388946
114,True,True,False,False,True,"(1, 2)",10,0.8,0.001,0.6335673602528,0.62842918106076,0.6403460710235599,0.6318837634627108
115,True,True,False,False,True,"(1, 2)",10,0.8,0.01,0.6335182127794352,0.6285307864255233,0.6403023843805689,0.6317821580979476
116,True,True,False,False,True,"(1, 2)",10,0.9,0.001,0.6335673602528,0.62842918106076,0.6403460710235599,0.6318837634627108
117,True,True,False,False,True,"(1, 2)",10,0.9,0.01,0.6335182127794352,0.6285307864255233,0.6403023843805689,0.6317821580979476
118,True,True,False,False,True,"(1, 2)",10,default,0.001,0.6335673602528,0.62842918106076,0.6403460710235599,0.6318837634627108
119,True,True,False,False,True,"(1, 2)",10,default,0.01,0.6335182127794352,0.6285307864255233,0.6403023843805689,0.6317821580979476
120,True,True,False,False,True,"(1, 2)",20,0.8,0.001,0.6185537172782494,0.6198943304206462,0.6237615291781268,0.6273115220483642
121,True,True,False,False,True,"(1, 2)",20,0.8,0.01,0.6185373347871277,0.6197927250558829,0.6237706305620833,0.6273115220483642
122,True,True,False,False,True,"(1, 2)",20,0.9,0.001,0.6185537172782494,0.6198943304206462,0.6237615291781268,0.6273115220483642
123,True,True,False,False,True,"(1, 2)",20,0.9,0.01,0.6185373347871277,0.6197927250558829,0.6237706305620833,0.6273115220483642
124,True,True,False,False,True,"(1, 2)",20,default,0.001,0.6185537172782494,0.6198943304206462,0.6237615291781268,0.6273115220483642
125,True,True,False,False,True,"(1, 2)",20,default,0.01,0.6185373347871277,0.6197927250558829,0.6237706305620833,0.6273115220483642
126,True,True,False,False,False,"(1, 2)",3,0.8,0.001,0.6794783814826882,0.6285307864255233,0.6904892357931948,0.6299532615322089
127,True,True,False,False,False,"(1, 2)",3,0.8,0.01,0.6789614228739622,0.6291404186141029,0.6901124384973979,0.6306644990855517
128,True,True,False,False,False,"(1, 2)",3,0.9,0.001,0.6794783814826882,0.6285307864255233,0.6904892357931948,0.6299532615322089
129,True,True,False,False,False,"(1, 2)",3,0.9,0.01,0.6789614228739622,0.6291404186141029,0.6901124384973979,0.6306644990855517
130,True,True,False,False,False,"(1, 2)",3,default,0.001,0.6794783814826882,0.6285307864255233,0.6904892357931948,0.6299532615322089
131,True,True,False,False,False,"(1, 2)",3,default,0.01,0.6789614228739622,0.6291404186141029,0.6901124384973979,0.6306644990855517
132,True,True,False,False,False,"(1, 2)",10,0.8,0.001,0.63403335111137,0.626498679130258,0.6409485826414765,0.6318837634627108
133,True,True,False,False,False,"(1, 2)",10,0.8,0.01,0.6339860239147965,0.6263970737654948,0.6409249190431897,0.6317821580979476
134,True,True,False,False,False,"(1, 2)",10,0.9,0.001,0.63403335111137,0.626498679130258,0.6409485826414765,0.6318837634627108
135,True,True,False,False,False,"(1, 2)",10,0.9,0.01,0.6339860239147965,0.6263970737654948,0.6409249190431897,0.6317821580979476
136,True,True,False,False,False,"(1, 2)",10,default,0.001,0.63403335111137,0.626498679130258,0.6409485826414765,0.6318837634627108
137,True,True,False,False,False,"(1, 2)",10,default,0.01,0.6339860239147965,0.6263970737654948,0.6409249190431897,0.6317821580979476
138,True,True,False,False,False,"(1, 2)",20,0.8,0.001,0.6188049154754472,0.6207071733387522,0.624109202045263,0.6240601503759399
139,True,True,False,False,False,"(1, 2)",20,0.8,0.01,0.6187867127075343,0.6205039626092258,0.6240837181701849,0.6240601503759399
140,True,True,False,False,False,"(1, 2)",20,0.9,0.001,0.6188049154754472,0.6207071733387522,0.624109202045263,0.6240601503759399
141,True,True,False,False,False,"(1, 2)",20,0.9,0.01,0.6187867127075343,0.6205039626092258,0.6240837181701849,0.6240601503759399
142,True,True,False,False,False,"(1, 2)",20,default,0.001,0.6188049154754472,0.6207071733387522,0.624109202045263,0.6240601503759399
143,True,True,False,False,False,"(1, 2)",20,default,0.01,0.6187867127075343,0.6205039626092258,0.6240837181701849,0.6240601503759399
144,True,False,True,True,True,"(1, 2)",3,0.8,0.001,0.6800663308862746,0.6408250355618776,0.6917725309310534,0.6471245681771998
145,True,False,True,True,True,"(1, 2)",3,0.8,0.01,0.6789268376149278,0.6423491160333266,0.6910935676879026,0.6488518593781751
146,True,False,True,True,True,"(1, 2)",3,0.9,0.001,0.6800663308862746,0.6408250355618776,0.6917725309310534,0.6471245681771998
147,True,False,True,True,True,"(1, 2)",3,0.9,0.01,0.6789268376149278,0.6423491160333266,0.6910935676879026,0.6488518593781751
148,True,False,True,True,True,"(1, 2)",3,default,0.001,0.6800663308862746,0.6408250355618776,0.6917725309310534,0.6471245681771998
149,True,False,True,True,True,"(1, 2)",3,default,0.01,0.6789268376149278,0.6423491160333266,0.6910935676879026,0.6488518593781751
150,True,False,True,True,True,"(1, 2)",10,0.8,0.001,0.6468572011060002,0.6415362731152204,0.6565064883766225,0.6484454379191221
151,True,False,True,True,True,"(1, 2)",10,0.8,0.01,0.6467388831145664,0.6415362731152204,0.6564609814568403,0.6483438325543589
152,True,False,True,True,True,"(1, 2)",10,0.9,0.001,0.6468572011060002,0.6415362731152204,0.6565064883766225,0.6484454379191221
153,True,False,True,True,True,"(1, 2)",10,0.9,0.01,0.6467388831145664,0.6415362731152204,0.6564609814568403,0.6483438325543589
154,True,False,True,True,True,"(1, 2)",10,default,0.001,0.6468572011060002,0.6415362731152204,0.6565064883766225,0.6484454379191221
155,True,False,True,True,True,"(1, 2)",10,default,0.01,0.6467388831145664,0.6415362731152204,0.6564609814568403,0.6483438325543589
156,True,False,True,True,True,"(1, 2)",20,0.8,0.001,0.6347978673637114,0.6377768746189799,0.6433859332650123,0.6448892501524081
157,True,False,True,True,True,"(1, 2)",20,0.8,0.01,0.6347669226582594,0.6378784799837431,0.6433586291131429,0.6448892501524081
158,True,False,True,True,True,"(1, 2)",20,0.9,0.001,0.6347978673637114,0.6377768746189799,0.6433859332650123,0.6448892501524081
159,True,False,True,True,True,"(1, 2)",20,0.9,0.01,0.6347669226582594,0.6378784799837431,0.6433586291131429,0.6448892501524081
160,True,False,True,True,True,"(1, 2)",20,default,0.001,0.6347978673637114,0.6377768746189799,0.6433859332650123,0.6448892501524081
161,True,False,True,True,True,"(1, 2)",20,default,0.01,0.6347669226582594,0.6378784799837431,0.6433586291131429,0.6448892501524081
162,True,False,True,True,False,"(1, 2)",3,0.8,0.001,0.6802756627172728,0.640926640926641,0.6920437521729554,0.64681975208291
163,True,False,True,True,False,"(1, 2)",3,0.8,0.01,0.6791361694459259,0.6422475106685633,0.6913229225636051,0.6484454379191221
164,True,False,True,True,False,"(1, 2)",3,0.9,0.001,0.6802756627172728,0.640926640926641,0.6920437521729554,0.64681975208291
165,True,False,True,True,False,"(1, 2)",3,0.9,0.01,0.6791361694459259,0.6422475106685633,0.6913229225636051,0.6484454379191221
166,True,False,True,True,False,"(1, 2)",3,default,0.001,0.6802756627172728,0.640926640926641,0.6920437521729554,0.64681975208291
167,True,False,True,True,False,"(1, 2)",3,default,0.01,0.6791361694459259,0.6422475106685633,0.6913229225636051,0.6484454379191221
168,True,False,True,True,False,"(1, 2)",10,0.8,0.001,0.6471120398567807,0.6426539321276163,0.6566976174397079,0.6483438325543589
169,True,False,True,True,False,"(1, 2)",10,0.8,0.01,0.6469828002045991,0.6424507213980898,0.6566284469216389,0.6482422271895956
170,True,False,True,True,False,"(1, 2)",10,0.9,0.001,0.6471120398567807,0.6426539321276163,0.6566976174397079,0.6483438325543589
171,True,False,True,True,False,"(1, 2)",10,0.9,0.01,0.6469828002045991,0.6424507213980898,0.6566284469216389,0.6482422271895956
172,True,False,True,True,False,"(1, 2)",10,default,0.001,0.6471120398567807,0.6426539321276163,0.6566976174397079,0.6483438325543589
173,True,False,True,True,False,"(1, 2)",10,default,0.01,0.6469828002045991,0.6424507213980898,0.6566284469216389,0.6482422271895956
174,True,False,True,True,False,"(1, 2)",20,0.8,0.001,0.6350326830697876,0.6385897175370859,0.6435060715332374,0.6442796179638285
175,True,False,True,True,False,"(1, 2)",20,0.8,0.01,0.6349980978107531,0.6385897175370859,0.6434915093189071,0.6442796179638285
176,True,False,True,True,False,"(1, 2)",20,0.9,0.001,0.6350326830697876,0.6385897175370859,0.6435060715332374,0.6442796179638285
177,True,False,True,True,False,"(1, 2)",20,0.9,0.01,0.6349980978107531,0.6385897175370859,0.6434915093189071,0.6442796179638285
178,True,False,True,True,False,"(1, 2)",20,default,0.001,0.6350326830697876,0.6385897175370859,0.6435060715332374,0.6442796179638285
179,True,False,True,True,False,"(1, 2)",20,default,0.01,0.6349980978107531,0.6385897175370859,0.6434915093189071,0.6442796179638285
180,True,False,True,False,True,"(1, 2)",3,0.8,0.001,0.6808927365495198,0.6423491160333266,0.6926571854516198,0.6475309896362528
181,True,False,True,False,True,"(1, 2)",3,0.8,0.01,0.6797423216174251,0.6436699857752489,0.6919581991637649,0.6494614915667547
182,True,False,True,False,True,"(1, 2)",3,0.9,0.001,0.6808927365495198,0.6423491160333266,0.6926571854516198,0.6475309896362528
183,True,False,True,False,True,"(1, 2)",3,0.9,0.01,0.6797423216174251,0.6436699857752489,0.6919581991637649,0.6494614915667547
184,True,False,True,False,True,"(1, 2)",3,default,0.001,0.6808927365495198,0.6423491160333266,0.6926571854516198,0.6475309896362528
185,True,False,True,False,True,"(1, 2)",3,default,0.01,0.6797423216174251,0.6436699857752489,0.6919581991637649,0.6494614915667547
186,True,False,True,False,True,"(1, 2)",10,0.8,0.001,0.6474378694024213,0.6418410892095102,0.6571545069143214,0.6483438325543589
187,True,False,True,False,True,"(1, 2)",10,0.8,0.01,0.6473341136253179,0.641739483844747,0.6571126405481218,0.6483438325543589
188,True,False,True,False,True,"(1, 2)",10,0.9,0.001,0.6474378694024213,0.6418410892095102,0.6571545069143214,0.6483438325543589
189,True,False,True,False,True,"(1, 2)",10,0.9,0.01,0.6473341136253179,0.641739483844747,0.6571126405481218,0.6483438325543589
190,True,False,True,False,True,"(1, 2)",10,default,0.001,0.6474378694024213,0.6418410892095102,0.6571545069143214,0.6483438325543589
191,True,False,True,False,True,"(1, 2)",10,default,0.01,0.6473341136253179,0.641739483844747,0.6571126405481218,0.6483438325543589
192,True,False,True,False,True,"(1, 2)",20,0.8,0.001,0.6352147107489164,0.6382849014427961,0.6438446430164171,0.6446860394228815
193,True,False,True,False,True,"(1, 2)",20,0.8,0.01,0.6352037890881688,0.6382849014427961,0.6438355416324606,0.6447876447876448
194,True,False,True,False,True,"(1, 2)",20,0.9,0.001,0.6352147107489164,0.6382849014427961,0.6438446430164171,0.6446860394228815
195,True,False,True,False,True,"(1, 2)",20,0.9,0.01,0.6352037890881688,0.6382849014427961,0.6438355416324606,0.6447876447876448
196,True,False,True,False,True,"(1, 2)",20,default,0.001,0.6352147107489164,0.6382849014427961,0.6438446430164171,0.6446860394228815
197,True,False,True,False,True,"(1, 2)",20,default,0.01,0.6352037890881688,0.6382849014427961,0.6438355416324606,0.6447876447876448
198,True,False,True,False,False,"(1, 2)",3,0.8,0.001,0.6811239117020134,0.6423491160333266,0.6929502500150173,0.6471245681771998
199,True,False,True,False,False,"(1, 2)",3,0.8,0.01,0.6799898792610405,0.6436699857752489,0.6922021162537976,0.6490550701077017
200,True,False,True,False,False,"(1, 2)",3,0.9,0.001,0.6811239117020134,0.6423491160333266,0.6929502500150173,0.6471245681771998
201,True,False,True,False,False,"(1, 2)",3,0.9,0.01,0.6799898792610405,0.6436699857752489,0.6922021162537976,0.6490550701077017
202,True,False,True,False,False,"(1, 2)",3,default,0.001,0.6811239117020134,0.6423491160333266,0.6929502500150173,0.6471245681771998
203,True,False,True,False,False,"(1, 2)",3,default,0.01,0.6799898792610405,0.6436699857752489,0.6922021162537976,0.6490550701077017
204,True,False,True,False,False,"(1, 2)",10,0.8,0.001,0.647669044554915,0.6427555374923796,0.6573383548702416,0.6483438325543589
205,True,False,True,False,False,"(1, 2)",10,0.8,0.01,0.647574390161768,0.6426539321276163,0.6572564424146335,0.6482422271895956
206,True,False,True,False,False,"(1, 2)",10,0.9,0.001,0.647669044554915,0.6427555374923796,0.6573383548702416,0.6483438325543589
207,True,False,True,False,False,"(1, 2)",10,0.9,0.01,0.647574390161768,0.6426539321276163,0.6572564424146335,0.6482422271895956
208,True,False,True,False,False,"(1, 2)",10,default,0.001,0.647669044554915,0.6427555374923796,0.6573383548702416,0.6483438325543589
209,True,False,True,False,False,"(1, 2)",10,default,0.01,0.647574390161768,0.6426539321276163,0.6572564424146335,0.6482422271895956
210,True,False,True,False,False,"(1, 2)",20,0.8,0.001,0.6355004942051489,0.6388945336313757,0.6439247351952337,0.6442796179638285
211,True,False,True,False,False,"(1, 2)",20,0.8,0.01,0.6354677292229056,0.6388945336313757,0.6438992513201558,0.6443812233285917
212,True,False,True,False,False,"(1, 2)",20,0.9,0.001,0.6355004942051489,0.6388945336313757,0.6439247351952337,0.6442796179638285
213,True,False,True,False,False,"(1, 2)",20,0.9,0.01,0.6354677292229056,0.6388945336313757,0.6438992513201558,0.6443812233285917
214,True,False,True,False,False,"(1, 2)",20,default,0.001,0.6355004942051489,0.6388945336313757,0.6439247351952337,0.6442796179638285
215,True,False,True,False,False,"(1, 2)",20,default,0.01,0.6354677292229056,0.6388945336313757,0.6438992513201558,0.6443812233285917
216,True,False,False,True,True,"(1, 2)",3,0.8,0.001,0.6812622527381513,0.6410282462914042,0.6932979228821534,0.647226173541963
217,True,False,False,True,True,"(1, 2)",3,0.8,0.01,0.6801427825115087,0.6418410892095102,0.6925115633083166,0.6487502540134119
218,True,False,False,True,True,"(1, 2)",3,0.9,0.001,0.6812622527381513,0.6410282462914042,0.6932979228821534,0.647226173541963
219,True,False,False,True,True,"(1, 2)",3,0.9,0.01,0.6801427825115087,0.6418410892095102,0.6925115633083166,0.6487502540134119
220,True,False,False,True,True,"(1, 2)",3,default,0.001,0.6812622527381513,0.6410282462914042,0.6932979228821534,0.647226173541963
221,True,False,False,True,True,"(1, 2)",3,default,0.01,0.6801427825115087,0.6418410892095102,0.6925115633083166,0.6487502540134119
222,True,False,False,True,True,"(1, 2)",10,0.8,0.001,0.6469864407581817,0.6401137980085349,0.6566703132878385,0.6463117252590936
223,True,False,False,True,True,"(1, 2)",10,0.8,0.01,0.6468772241507044,0.6401137980085349,0.6565865805554393,0.6463117252590936
224,True,False,False,True,True,"(1, 2)",10,0.9,0.001,0.6469864407581817,0.6401137980085349,0.6566703132878385,0.6463117252590936
225,True,False,False,True,True,"(1, 2)",10,0.9,0.01,0.6468772241507044,0.6401137980085349,0.6565865805554393,0.6463117252590936
226,True,False,False,True,True,"(1, 2)",10,default,0.001,0.6469864407581817,0.6401137980085349,0.6566703132878385,0.6463117252590936
227,True,False,False,True,True,"(1, 2)",10,default,0.01,0.6468772241507044,0.6401137980085349,0.6565865805554393,0.6463117252590936
228,True,False,False,True,True,"(1, 2)",20,0.8,0.001,0.6345594111040525,0.6357447673237147,0.6429508871118942,0.6420442999390368
229,True,False,False,True,True,"(1, 2)",20,0.8,0.01,0.634524825845018,0.6357447673237147,0.6429345046207726,0.6421459053038
230,True,False,False,True,True,"(1, 2)",20,0.9,0.001,0.6345594111040525,0.6357447673237147,0.6429508871118942,0.6420442999390368
231,True,False,False,True,True,"(1, 2)",20,0.9,0.01,0.634524825845018,0.6357447673237147,0.6429345046207726,0.6421459053038
232,True,False,False,True,True,"(1, 2)",20,default,0.001,0.6345594111040525,0.6357447673237147,0.6429508871118942,0.6420442999390368
233,True,False,False,True,True,"(1, 2)",20,default,0.01,0.634524825845018,0.6357447673237147,0.6429345046207726,0.6421459053038
234,True,False,False,True,False,"(1, 2)",3,0.8,0.001,0.6836340733972007,0.6428571428571429,0.6959973933636349,0.6498679130258077
235,True,False,False,True,False,"(1, 2)",3,0.8,0.01,0.6824709165275672,0.6440764072343019,0.6952529001559977,0.6510871774029668
236,True,False,False,True,False,"(1, 2)",3,0.9,0.001,0.6836340733972007,0.6428571428571429,0.6959973933636349,0.6498679130258077
237,True,False,False,True,False,"(1, 2)",3,0.9,0.01,0.6824709165275672,0.6440764072343019,0.6952529001559977,0.6510871774029668
238,True,False,False,True,False,"(1, 2)",3,default,0.001,0.6836340733972007,0.6428571428571429,0.6959973933636349,0.6498679130258077
239,True,False,False,True,False,"(1, 2)",3,default,0.01,0.6824709165275672,0.6440764072343019,0.6952529001559977,0.6510871774029668
240,True,False,False,True,False,"(1, 2)",10,0.8,0.001,0.6483589294588135,0.6397073765494818,0.6584305209450149,0.6469213574476732
241,True,False,False,True,False,"(1, 2)",10,0.8,0.01,0.6482624547888752,0.6396057711847185,0.6583686315341111,0.6469213574476732
242,True,False,False,True,False,"(1, 2)",10,0.9,0.001,0.6483589294588135,0.6397073765494818,0.6584305209450149,0.6469213574476732
243,True,False,False,True,False,"(1, 2)",10,0.9,0.01,0.6482624547888752,0.6396057711847185,0.6583686315341111,0.6469213574476732
244,True,False,False,True,False,"(1, 2)",10,default,0.001,0.6483589294588135,0.6397073765494818,0.6584305209450149,0.6469213574476732
245,True,False,False,True,False,"(1, 2)",10,default,0.01,0.6482624547888752,0.6396057711847185,0.6583686315341111,0.6469213574476732
246,True,False,False,True,False,"(1, 2)",20,0.8,0.001,0.6353585126154283,0.6355415565941882,0.6440084679276331,0.6421459053038
247,True,False,False,True,False,"(1, 2)",20,0.8,0.01,0.6353366692939328,0.6353383458646616,0.6439866246061376,0.6421459053038
248,True,False,False,True,False,"(1, 2)",20,0.9,0.001,0.6353585126154283,0.6355415565941882,0.6440084679276331,0.6421459053038
249,True,False,False,True,False,"(1, 2)",20,0.9,0.01,0.6353366692939328,0.6353383458646616,0.6439866246061376,0.6421459053038
250,True,False,False,True,False,"(1, 2)",20,default,0.001,0.6353585126154283,0.6355415565941882,0.6440084679276331,0.6421459053038
251,True,False,False,True,False,"(1, 2)",20,default,0.01,0.6353366692939328,0.6353383458646616,0.6439866246061376,0.6421459053038
252,True,False,False,False,True,"(1, 2)",3,0.8,0.001,0.6821214233836397,0.6414346677504572,0.6943755267425965,0.6479374110953058
253,True,False,False,False,True,"(1, 2)",3,0.8,0.01,0.6809946720498319,0.6425523267628531,0.6935837063383858,0.6493598862019915
254,True,False,False,False,True,"(1, 2)",3,0.9,0.001,0.6821214233836397,0.6414346677504572,0.6943755267425965,0.6479374110953058
255,True,False,False,False,True,"(1, 2)",3,0.9,0.01,0.6809946720498319,0.6425523267628531,0.6935837063383858,0.6493598862019915
256,True,False,False,False,True,"(1, 2)",3,default,0.001,0.6821214233836397,0.6414346677504572,0.6943755267425965,0.6479374110953058
257,True,False,False,False,True,"(1, 2)",3,default,0.01,0.6809946720498319,0.6425523267628531,0.6935837063383858,0.6493598862019915
258,True,False,False,False,True,"(1, 2)",10,0.8,0.001,0.6476289984655067,0.6410282462914042,0.6575076406118314,0.6453972769762244
259,True,False,False,False,True,"(1, 2)",10,0.8,0.01,0.6475197818580294,0.640926640926641,0.6574330092633885,0.6453972769762244
260,True,False,False,False,True,"(1, 2)",10,0.9,0.001,0.6476289984655067,0.6410282462914042,0.6575076406118314,0.6453972769762244
261,True,False,False,False,True,"(1, 2)",10,0.9,0.01,0.6475197818580294,0.640926640926641,0.6574330092633885,0.6453972769762244
262,True,False,False,False,True,"(1, 2)",10,default,0.001,0.6476289984655067,0.6410282462914042,0.6575076406118314,0.6453972769762244
263,True,False,False,False,True,"(1, 2)",10,default,0.01,0.6475197818580294,0.640926640926641,0.6574330092633885,0.6453972769762244
264,True,False,False,False,True,"(1, 2)",20,0.8,0.001,0.6350490655609092,0.6361511887827678,0.6433477074523952,0.6426539321276163
265,True,False,False,False,True,"(1, 2)",20,0.8,0.01,0.6350108397482921,0.6360495834180044,0.6433276844076911,0.6426539321276163
266,True,False,False,False,True,"(1, 2)",20,0.9,0.001,0.6350490655609092,0.6361511887827678,0.6433477074523952,0.6426539321276163
267,True,False,False,False,True,"(1, 2)",20,0.9,0.01,0.6350108397482921,0.6360495834180044,0.6433276844076911,0.6426539321276163
268,True,False,False,False,True,"(1, 2)",20,default,0.001,0.6350490655609092,0.6361511887827678,0.6433477074523952,0.6426539321276163
269,True,False,False,False,True,"(1, 2)",20,default,0.01,0.6350108397482921,0.6360495834180044,0.6433276844076911,0.6426539321276163
270,True,False,False,False,False,"(1, 2)",3,0.8,0.001,0.6845915389894187,0.6431619589514327,0.6970367714114608,0.650375939849624
271,True,False,False,False,False,"(1, 2)",3,0.8,0.01,0.6834010779679158,0.6443812233285917,0.6962322090697112,0.6516968095915464
272,True,False,False,False,False,"(1, 2)",3,0.9,0.001,0.6845915389894187,0.6431619589514327,0.6970367714114608,0.650375939849624
273,True,False,False,False,False,"(1, 2)",3,0.9,0.01,0.6834010779679158,0.6443812233285917,0.6962322090697112,0.6516968095915464
274,True,False,False,False,False,"(1, 2)",3,default,0.001,0.6845915389894187,0.6431619589514327,0.6970367714114608,0.650375939849624
275,True,False,False,False,False,"(1, 2)",3,default,0.01,0.6834010779679158,0.6443812233285917,0.6962322090697112,0.6516968095915464
276,True,False,False,False,False,"(1, 2)",10,0.8,0.001,0.648979643844643,0.6396057711847185,0.6590130095182274,0.6471245681771998
277,True,False,False,False,False,"(1, 2)",10,0.8,0.01,0.6488758880675396,0.6397073765494818,0.6589329173394106,0.647226173541963
278,True,False,False,False,False,"(1, 2)",10,0.9,0.001,0.648979643844643,0.6396057711847185,0.6590130095182274,0.6471245681771998
279,True,False,False,False,False,"(1, 2)",10,0.9,0.01,0.6488758880675396,0.6397073765494818,0.6589329173394106,0.647226173541963
280,True,False,False,False,False,"(1, 2)",10,default,0.001,0.648979643844643,0.6396057711847185,0.6590130095182274,0.6471245681771998
281,True,False,False,False,False,"(1, 2)",10,default,0.01,0.6488758880675396,0.6397073765494818,0.6589329173394106,0.647226173541963
282,True,False,False,False,False,"(1, 2)",20,0.8,0.001,0.6357607937863031,0.6363543995122942,0.6444107490985079,0.6431619589514327
283,True,False,False,False,False,"(1, 2)",20,0.8,0.01,0.6357262085272687,0.636252794147531,0.6443852652234299,0.6431619589514327
284,True,False,False,False,False,"(1, 2)",20,0.9,0.001,0.6357607937863031,0.6363543995122942,0.6444107490985079,0.6431619589514327
285,True,False,False,False,False,"(1, 2)",20,0.9,0.01,0.6357262085272687,0.636252794147531,0.6443852652234299,0.6431619589514327
286,True,False,False,False,False,"(1, 2)",20,default,0.001,0.6357607937863031,0.6363543995122942,0.6444107490985079,0.6431619589514327
287,True,False,False,False,False,"(1, 2)",20,default,0.01,0.6357262085272687,0.636252794147531,0.6443852652234299,0.6431619589514327
288,False,True,True,True,True,"(1, 2)",3,0.8,0.001,0.676622367197156,0.6321885795570006,0.6872436822743266,0.6346271083113189
289,False,True,True,True,True,"(1, 2)",3,0.8,0.01,0.6761090491420125,0.6326966063808169,0.6868596038713647,0.6350335297703719
290,False,True,True,True,True,"(1, 2)",3,0.9,0.001,0.676622367197156,0.6321885795570006,0.6872436822743266,0.6346271083113189
291,False,True,True,True,True,"(1, 2)",3,0.9,0.01,0.6761090491420125,0.6326966063808169,0.6868596038713647,0.6350335297703719
292,False,True,True,True,True,"(1, 2)",3,default,0.001,0.676622367197156,0.6321885795570006,0.6872436822743266,0.6346271083113189
293,False,True,True,True,True,"(1, 2)",3,default,0.01,0.6761090491420125,0.6326966063808169,0.6868596038713647,0.6350335297703719
294,False,True,True,True,True,"(1, 2)",10,0.8,0.001,0.6340533741560742,0.6272099166836009,0.6407155872121915,0.6322901849217639
295,False,True,True,True,True,"(1, 2)",10,0.8,0.01,0.63403335111137,0.6270067059540744,0.6407028452746525,0.6323917902865271
296,False,True,True,True,True,"(1, 2)",10,0.9,0.001,0.6340533741560742,0.6272099166836009,0.6407155872121915,0.6322901849217639
297,False,True,True,True,True,"(1, 2)",10,0.9,0.01,0.63403335111137,0.6270067059540744,0.6407028452746525,0.6323917902865271
298,False,True,True,True,True,"(1, 2)",10,default,0.001,0.6340533741560742,0.6272099166836009,0.6407155872121915,0.6322901849217639
299,False,True,True,True,True,"(1, 2)",10,default,0.01,0.63403335111137,0.6270067059540744,0.6407028452746525,0.6323917902865271
300,False,True,True,True,True,"(1, 2)",20,0.8,0.001,0.6199298465324637,0.6213168055273318,0.6246898703416841,0.6266002844950214
301,False,True,True,True,True,"(1, 2)",20,0.8,0.01,0.6199280262556724,0.6212152001625686,0.6246680270201886,0.6266002844950214
302,False,True,True,True,True,"(1, 2)",20,0.9,0.001,0.6199298465324637,0.6213168055273318,0.6246898703416841,0.6266002844950214
303,False,True,True,True,True,"(1, 2)",20,0.9,0.01,0.6199280262556724,0.6212152001625686,0.6246680270201886,0.6266002844950214
304,False,True,True,True,True,"(1, 2)",20,default,0.001,0.6199298465324637,0.6213168055273318,0.6246898703416841,0.6266002844950214
305,False,True,True,True,True,"(1, 2)",20,default,0.01,0.6199280262556724,0.6212152001625686,0.6246680270201886,0.6266002844950214
306,False,True,True,True,False,"(1, 2)",3,0.8,0.001,0.6766514916258166,0.6322901849217639,0.6872455025511179,0.6348303190408453
307,False,True,True,True,False,"(1, 2)",3,0.8,0.01,0.6761363532938819,0.6326966063808169,0.6868850877464427,0.6352367404998984
308,False,True,True,True,False,"(1, 2)",3,0.9,0.001,0.6766514916258166,0.6322901849217639,0.6872455025511179,0.6348303190408453
309,False,True,True,True,False,"(1, 2)",3,0.9,0.01,0.6761363532938819,0.6326966063808169,0.6868850877464427,0.6352367404998984
310,False,True,True,True,False,"(1, 2)",3,default,0.001,0.6766514916258166,0.6322901849217639,0.6872455025511179,0.6348303190408453
311,False,True,True,True,False,"(1, 2)",3,default,0.01,0.6761363532938819,0.6326966063808169,0.6868850877464427,0.6352367404998984
312,False,True,True,True,False,"(1, 2)",10,0.8,0.001,0.6340551944328655,0.6269051005893111,0.6407265088729392,0.6324933956512904
313,False,True,True,True,False,"(1, 2)",10,0.8,0.01,0.6340369916649525,0.6268034952245478,0.6407137669354002,0.6324933956512904
314,False,True,True,True,False,"(1, 2)",10,0.9,0.001,0.6340551944328655,0.6269051005893111,0.6407265088729392,0.6324933956512904
315,False,True,True,True,False,"(1, 2)",10,0.9,0.01,0.6340369916649525,0.6268034952245478,0.6407137669354002,0.6324933956512904
316,False,True,True,True,False,"(1, 2)",10,default,0.001,0.6340551944328655,0.6269051005893111,0.6407265088729392,0.6324933956512904
317,False,True,True,True,False,"(1, 2)",10,default,0.01,0.6340369916649525,0.6268034952245478,0.6407137669354002,0.6324933956512904
318,False,True,True,True,False,"(1, 2)",20,0.8,0.001,0.6199207451485073,0.6214184108920952,0.6247080731095971,0.6267018898597846
319,False,True,True,True,False,"(1, 2)",20,0.8,0.01,0.6199298465324637,0.6214184108920952,0.6246971514488493,0.6267018898597846
320,False,True,True,True,False,"(1, 2)",20,0.9,0.001,0.6199207451485073,0.6214184108920952,0.6247080731095971,0.6267018898597846
321,False,True,True,True,False,"(1, 2)",20,0.9,0.01,0.6199298465324637,0.6214184108920952,0.6246971514488493,0.6267018898597846
322,False,True,True,True,False,"(1, 2)",20,default,0.001,0.6199207451485073,0.6214184108920952,0.6247080731095971,0.6267018898597846
323,False,True,True,True,False,"(1, 2)",20,default,0.01,0.6199298465324637,0.6214184108920952,0.6246971514488493,0.6267018898597846
324,False,True,True,False,True,"(1, 2)",3,0.8,0.001,0.6774269295389057,0.6338142653932127,0.6882593967238658,0.6346271083113189
325,False,True,True,False,True,"(1, 2)",3,0.8,0.01,0.6768990492694319,0.6344238975817923,0.6879062630263558,0.6351351351351351
326,False,True,True,False,True,"(1, 2)",3,0.9,0.001,0.6774269295389057,0.6338142653932127,0.6882593967238658,0.6346271083113189
327,False,True,True,False,True,"(1, 2)",3,0.9,0.01,0.6768990492694319,0.6344238975817923,0.6879062630263558,0.6351351351351351
328,False,True,True,False,True,"(1, 2)",3,default,0.001,0.6774269295389057,0.6338142653932127,0.6882593967238658,0.6346271083113189
329,False,True,True,False,True,"(1, 2)",3,default,0.01,0.6768990492694319,0.6344238975817923,0.6879062630263558,0.6351351351351351
330,False,True,True,False,True,"(1, 2)",10,0.8,0.001,0.6345594111040525,0.6287339971550497,0.6413545043659339,0.6325950010160536
331,False,True,True,False,True,"(1, 2)",10,0.8,0.01,0.6345321069521831,0.6286323917902865,0.6413199191068994,0.6326966063808169
332,False,True,True,False,True,"(1, 2)",10,0.9,0.001,0.6345594111040525,0.6287339971550497,0.6413545043659339,0.6325950010160536
333,False,True,True,False,True,"(1, 2)",10,0.9,0.01,0.6345321069521831,0.6286323917902865,0.6413199191068994,0.6326966063808169
334,False,True,True,False,True,"(1, 2)",10,default,0.001,0.6345594111040525,0.6287339971550497,0.6413545043659339,0.6325950010160536
335,False,True,True,False,True,"(1, 2)",10,default,0.01,0.6345321069521831,0.6286323917902865,0.6413199191068994,0.6326966063808169
336,False,True,True,False,True,"(1, 2)",20,0.8,0.001,0.6205451000879194,0.6218248323511482,0.6253997782902868,0.6263970737654948
337,False,True,True,False,True,"(1, 2)",20,0.8,0.01,0.6205396392575455,0.6218248323511482,0.6253852160759565,0.6263970737654948
338,False,True,True,False,True,"(1, 2)",20,0.9,0.001,0.6205451000879194,0.6218248323511482,0.6253997782902868,0.6263970737654948
339,False,True,True,False,True,"(1, 2)",20,0.9,0.01,0.6205396392575455,0.6218248323511482,0.6253852160759565,0.6263970737654948
340,False,True,True,False,True,"(1, 2)",20,default,0.001,0.6205451000879194,0.6218248323511482,0.6253997782902868,0.6263970737654948
341,False,True,True,False,True,"(1, 2)",20,default,0.01,0.6205396392575455,0.6218248323511482,0.6253852160759565,0.6263970737654948
342,False,True,True,False,False,"(1, 2)",3,0.8,0.001,0.677441491753236,0.6339158707579761,0.6883067239204393,0.6347287136760821
343,False,True,True,False,False,"(1, 2)",3,0.8,0.01,0.67692453314451,0.6344238975817923,0.6879353874550164,0.6352367404998984
344,False,True,True,False,False,"(1, 2)",3,0.9,0.001,0.677441491753236,0.6339158707579761,0.6883067239204393,0.6347287136760821
345,False,True,True,False,False,"(1, 2)",3,0.9,0.01,0.67692453314451,0.6344238975817923,0.6879353874550164,0.6352367404998984
346,False,True,True,False,False,"(1, 2)",3,default,0.001,0.677441491753236,0.6339158707579761,0.6883067239204393,0.6347287136760821
347,False,True,True,False,False,"(1, 2)",3,default,0.01,0.67692453314451,0.6344238975817923,0.6879353874550164,0.6352367404998984
348,False,True,True,False,False,"(1, 2)",10,0.8,0.001,0.6345521299968874,0.6282259703312335,0.6413326610444384,0.6324933956512904
349,False,True,True,False,False,"(1, 2)",10,0.8,0.01,0.6345175447378528,0.6282259703312335,0.6412907946782388,0.6325950010160536
350,False,True,True,False,False,"(1, 2)",10,0.9,0.001,0.6345521299968874,0.6282259703312335,0.6413326610444384,0.6324933956512904
351,False,True,True,False,False,"(1, 2)",10,0.9,0.01,0.6345175447378528,0.6282259703312335,0.6412907946782388,0.6325950010160536
352,False,True,True,False,False,"(1, 2)",10,default,0.001,0.6345521299968874,0.6282259703312335,0.6413326610444384,0.6324933956512904
353,False,True,True,False,False,"(1, 2)",10,default,0.01,0.6345175447378528,0.6282259703312335,0.6412907946782388,0.6325950010160536
354,False,True,True,False,False,"(1, 2)",20,0.8,0.001,0.620505053998511,0.6218248323511482,0.6253433497097569,0.6263970737654948
355,False,True,True,False,False,"(1, 2)",20,0.8,0.01,0.6204941323377633,0.6218248323511482,0.6253269672186352,0.6262954684007316
356,False,True,True,False,False,"(1, 2)",20,0.9,0.001,0.620505053998511,0.6218248323511482,0.6253433497097569,0.6263970737654948
357,False,True,True,False,False,"(1, 2)",20,0.9,0.01,0.6204941323377633,0.6218248323511482,0.6253269672186352,0.6262954684007316
358,False,True,True,False,False,"(1, 2)",20,default,0.001,0.620505053998511,0.6218248323511482,0.6253433497097569,0.6263970737654948
359,False,True,True,False,False,"(1, 2)",20,default,0.01,0.6204941323377633,0.6218248323511482,0.6253269672186352,0.6262954684007316
360,False,True,False,True,True,"(1, 2)",3,0.8,0.001,0.6833009627443949,0.6300548668969722,0.6924787983260735,0.6299532615322089
361,False,True,False,True,True,"(1, 2)",3,0.8,0.01,0.6827566999837995,0.630359682991262,0.6920765171551986,0.6301564722617354
362,False,True,False,True,True,"(1, 2)",3,0.9,0.001,0.6833009627443949,0.6300548668969722,0.6924787983260735,0.6299532615322089
363,False,True,False,True,True,"(1, 2)",3,0.9,0.01,0.6827566999837995,0.630359682991262,0.6920765171551986,0.6301564722617354
364,False,True,False,True,True,"(1, 2)",3,default,0.001,0.6833009627443949,0.6300548668969722,0.6924787983260735,0.6299532615322089
365,False,True,False,True,True,"(1, 2)",3,default,0.01,0.6827566999837995,0.630359682991262,0.6920765171551986,0.6301564722617354
366,False,True,False,True,True,"(1, 2)",10,0.8,0.001,0.6355478214017224,0.6274131274131274,0.6407811171766779,0.6297500508026824
367,False,True,False,True,True,"(1, 2)",10,0.8,0.01,0.6355023144819402,0.6274131274131274,0.6407720157927215,0.6293436293436293
368,False,True,False,True,True,"(1, 2)",10,0.9,0.001,0.6355478214017224,0.6274131274131274,0.6407811171766779,0.6297500508026824
369,False,True,False,True,True,"(1, 2)",10,0.9,0.01,0.6355023144819402,0.6274131274131274,0.6407720157927215,0.6293436293436293
370,False,True,False,True,True,"(1, 2)",10,default,0.001,0.6355478214017224,0.6274131274131274,0.6407811171766779,0.6297500508026824
371,False,True,False,True,True,"(1, 2)",10,default,0.01,0.6355023144819402,0.6274131274131274,0.6407720157927215,0.6293436293436293
372,False,True,False,True,True,"(1, 2)",20,0.8,0.001,0.6206160908827796,0.6198943304206462,0.624078257339811,0.6222312538102012
373,False,True,False,True,True,"(1, 2)",20,0.8,0.01,0.6206179111595709,0.6198943304206462,0.6240727965094373,0.6224344645397277
374,False,True,False,True,True,"(1, 2)",20,0.9,0.001,0.6206160908827796,0.6198943304206462,0.624078257339811,0.6222312538102012
375,False,True,False,True,True,"(1, 2)",20,0.9,0.01,0.6206179111595709,0.6198943304206462,0.6240727965094373,0.6224344645397277
376,False,True,False,True,True,"(1, 2)",20,default,0.001,0.6206160908827796,0.6198943304206462,0.624078257339811,0.6222312538102012
377,False,True,False,True,True,"(1, 2)",20,default,0.01,0.6206179111595709,0.6198943304206462,0.6240727965094373,0.6224344645397277
378,False,True,False,True,False,"(1, 2)",3,0.8,0.001,0.6849883593299197,0.6309693151798415,0.6941589138044331,0.6314773420036578
379,False,True,False,True,False,"(1, 2)",3,0.8,0.01,0.684447737122907,0.631578947368421,0.6937821165086363,0.6318837634627108
380,False,True,False,True,False,"(1, 2)",3,0.9,0.001,0.6849883593299197,0.6309693151798415,0.6941589138044331,0.6314773420036578
381,False,True,False,True,False,"(1, 2)",3,0.9,0.01,0.684447737122907,0.631578947368421,0.6937821165086363,0.6318837634627108
382,False,True,False,True,False,"(1, 2)",3,default,0.001,0.6849883593299197,0.6309693151798415,0.6941589138044331,0.6314773420036578
383,False,True,False,True,False,"(1, 2)",3,default,0.01,0.684447737122907,0.631578947368421,0.6937821165086363,0.6318837634627108
384,False,True,False,True,False,"(1, 2)",10,0.8,0.001,0.6359136970367714,0.6261938630359682,0.6418168546709213,0.6286323917902865
385,False,True,False,True,False,"(1, 2)",10,0.8,0.01,0.6358609090098241,0.6261938630359682,0.6418022924565909,0.6287339971550497
386,False,True,False,True,False,"(1, 2)",10,0.9,0.001,0.6359136970367714,0.6261938630359682,0.6418168546709213,0.6286323917902865
387,False,True,False,True,False,"(1, 2)",10,0.9,0.01,0.6358609090098241,0.6261938630359682,0.6418022924565909,0.6287339971550497
388,False,True,False,True,False,"(1, 2)",10,default,0.001,0.6359136970367714,0.6261938630359682,0.6418168546709213,0.6286323917902865
389,False,True,False,True,False,"(1, 2)",10,default,0.01,0.6358609090098241,0.6261938630359682,0.6418022924565909,0.6287339971550497
390,False,True,False,True,False,"(1, 2)",20,0.8,0.001,0.6207580724725001,0.6188782767730137,0.6247026122792232,0.6235521235521235
391,False,True,False,True,False,"(1, 2)",20,0.8,0.01,0.6207416899813786,0.6188782767730137,0.6246807689577277,0.6236537289168869
392,False,True,False,True,False,"(1, 2)",20,0.9,0.001,0.6207580724725001,0.6188782767730137,0.6247026122792232,0.6235521235521235
393,False,True,False,True,False,"(1, 2)",20,0.9,0.01,0.6207416899813786,0.6188782767730137,0.6246807689577277,0.6236537289168869
394,False,True,False,True,False,"(1, 2)",20,default,0.001,0.6207580724725001,0.6188782767730137,0.6247026122792232,0.6235521235521235
395,False,True,False,True,False,"(1, 2)",20,default,0.01,0.6207416899813786,0.6188782767730137,0.6246807689577277,0.6236537289168869
396,False,True,False,False,True,"(1, 2)",3,0.8,0.001,0.6840181518001628,0.630766104450315,0.6934126003200046,0.630766104450315
397,False,True,False,False,True,"(1, 2)",3,0.8,0.01,0.6834811701467325,0.6312741312741312,0.6930794896671988,0.6312741312741312
398,False,True,False,False,True,"(1, 2)",3,0.9,0.001,0.6840181518001628,0.630766104450315,0.6934126003200046,0.630766104450315
399,False,True,False,False,True,"(1, 2)",3,0.9,0.01,0.6834811701467325,0.6312741312741312,0.6930794896671988,0.6312741312741312
400,False,True,False,False,True,"(1, 2)",3,default,0.001,0.6840181518001628,0.630766104450315,0.6934126003200046,0.630766104450315
401,False,True,False,False,True,"(1, 2)",3,default,0.01,0.6834811701467325,0.6312741312741312,0.6930794896671988,0.6312741312741312
402,False,True,False,False,True,"(1, 2)",10,0.8,0.001,0.6358226831972069,0.6273115220483642,0.6413017163389865,0.6291404186141029
403,False,True,False,False,True,"(1, 2)",10,0.8,0.01,0.6357880979381725,0.6272099166836009,0.6412944352318214,0.6291404186141029
404,False,True,False,False,True,"(1, 2)",10,0.9,0.001,0.6358226831972069,0.6273115220483642,0.6413017163389865,0.6291404186141029
405,False,True,False,False,True,"(1, 2)",10,0.9,0.01,0.6357880979381725,0.6272099166836009,0.6412944352318214,0.6291404186141029
406,False,True,False,False,True,"(1, 2)",10,default,0.001,0.6358226831972069,0.6273115220483642,0.6413017163389865,0.6291404186141029
407,False,True,False,False,True,"(1, 2)",10,default,0.01,0.6357880979381725,0.6272099166836009,0.6412944352318214,0.6291404186141029
408,False,True,False,False,True,"(1, 2)",20,0.8,0.001,0.6207708144100392,0.6199959357854095,0.6244350315909037,0.621011989433042
409,False,True,False,False,True,"(1, 2)",20,0.8,0.01,0.6207617130260827,0.6199959357854095,0.6244386721444863,0.621011989433042
410,False,True,False,False,True,"(1, 2)",20,0.9,0.001,0.6207708144100392,0.6199959357854095,0.6244350315909037,0.621011989433042
411,False,True,False,False,True,"(1, 2)",20,0.9,0.01,0.6207617130260827,0.6199959357854095,0.6244386721444863,0.621011989433042
412,False,True,False,False,True,"(1, 2)",20,default,0.001,0.6207708144100392,0.6199959357854095,0.6244350315909037,0.621011989433042
413,False,True,False,False,True,"(1, 2)",20,default,0.01,0.6207617130260827,0.6199959357854095,0.6244386721444863,0.621011989433042
414,False,True,False,False,False,"(1, 2)",3,0.8,0.001,0.685809304162791,0.6323917902865271,0.6950927157983643,0.6330014224751067
415,False,True,False,False,False,"(1, 2)",3,0.8,0.01,0.6852614008486131,0.6328998171103434,0.6947140982257762,0.6335094492989229
416,False,True,False,False,False,"(1, 2)",3,0.9,0.001,0.685809304162791,0.6323917902865271,0.6950927157983643,0.6330014224751067
417,False,True,False,False,False,"(1, 2)",3,0.9,0.01,0.6852614008486131,0.6328998171103434,0.6947140982257762,0.6335094492989229
418,False,True,False,False,False,"(1, 2)",3,default,0.001,0.685809304162791,0.6323917902865271,0.6950927157983643,0.6330014224751067
419,False,True,False,False,False,"(1, 2)",3,default,0.01,0.6852614008486131,0.6328998171103434,0.6947140982257762,0.6335094492989229
420,False,True,False,False,False,"(1, 2)",10,0.8,0.001,0.6364397570294539,0.6268034952245478,0.6422154952882135,0.6291404186141029
421,False,True,False,False,False,"(1, 2)",10,0.8,0.01,0.6363942501096717,0.6269051005893111,0.642155426154101,0.6290388132493395
422,False,True,False,False,False,"(1, 2)",10,0.9,0.001,0.6364397570294539,0.6268034952245478,0.6422154952882135,0.6291404186141029
423,False,True,False,False,False,"(1, 2)",10,0.9,0.01,0.6363942501096717,0.6269051005893111,0.642155426154101,0.6290388132493395
424,False,True,False,False,False,"(1, 2)",10,default,0.001,0.6364397570294539,0.6268034952245478,0.6422154952882135,0.6291404186141029
425,False,True,False,False,False,"(1, 2)",10,default,0.01,0.6363942501096717,0.6269051005893111,0.642155426154101,0.6290388132493395
426,False,True,False,False,False,"(1, 2)",20,0.8,0.001,0.6209674043034984,0.6194879089615932,0.6249483496460472,0.6231457020930705
427,False,True,False,False,False,"(1, 2)",20,0.8,0.01,0.6209473812587942,0.6195895143263564,0.624941068538882,0.6231457020930705
428,False,True,False,False,False,"(1, 2)",20,0.9,0.001,0.6209674043034984,0.6194879089615932,0.6249483496460472,0.6231457020930705
429,False,True,False,False,False,"(1, 2)",20,0.9,0.01,0.6209473812587942,0.6195895143263564,0.624941068538882,0.6231457020930705
430,False,True,False,False,False,"(1, 2)",20,default,0.001,0.6209674043034984,0.6194879089615932,0.6249483496460472,0.6231457020930705
431,False,True,False,False,False,"(1, 2)",20,default,0.01,0.6209473812587942,0.6195895143263564,0.624941068538882,0.6231457020930705
432,False,False,True,True,True,"(1, 2)",3,0.8,0.001,0.6821287044908049,0.6431619589514327,0.6943336603763969,0.6477342003657793
433,False,False,True,True,True,"(1, 2)",3,0.8,0.01,0.6809619070675887,0.6445844340581183,0.6935254574810645,0.6488518593781751
434,False,False,True,True,True,"(1, 2)",3,0.9,0.001,0.6821287044908049,0.6431619589514327,0.6943336603763969,0.6477342003657793
435,False,False,True,True,True,"(1, 2)",3,0.9,0.01,0.6809619070675887,0.6445844340581183,0.6935254574810645,0.6488518593781751
436,False,False,True,True,True,"(1, 2)",3,default,0.001,0.6821287044908049,0.6431619589514327,0.6943336603763969,0.6477342003657793
437,False,False,True,True,True,"(1, 2)",3,default,0.01,0.6809619070675887,0.6445844340581183,0.6935254574810645,0.6488518593781751
438,False,False,True,True,True,"(1, 2)",10,0.8,0.001,0.6474469707863778,0.6407234301971144,0.6574439309241363,0.6493598862019915
439,False,False,True,True,True,"(1, 2)",10,0.8,0.01,0.6473523163932308,0.6408250355618776,0.6573929631739802,0.6490550701077017
440,False,False,True,True,True,"(1, 2)",10,0.9,0.001,0.6474469707863778,0.6407234301971144,0.6574439309241363,0.6493598862019915
441,False,False,True,True,True,"(1, 2)",10,0.9,0.01,0.6473523163932308,0.6408250355618776,0.6573929631739802,0.6490550701077017
442,False,False,True,True,True,"(1, 2)",10,default,0.001,0.6474469707863778,0.6407234301971144,0.6574439309241363,0.6493598862019915
443,False,False,True,True,True,"(1, 2)",10,default,0.01,0.6473523163932308,0.6408250355618776,0.6573929631739802,0.6490550701077017
444,False,False,True,True,True,"(1, 2)",20,0.8,0.001,0.6353912775976716,0.636252794147531,0.6438446430164171,0.6440764072343019
445,False,False,True,True,True,"(1, 2)",20,0.8,0.01,0.6353785356601325,0.636252794147531,0.6438082374805913,0.6440764072343019
446,False,False,True,True,True,"(1, 2)",20,0.9,0.001,0.6353912775976716,0.636252794147531,0.6438446430164171,0.6440764072343019
447,False,False,True,True,True,"(1, 2)",20,0.9,0.01,0.6353785356601325,0.636252794147531,0.6438082374805913,0.6440764072343019
448,False,False,True,True,True,"(1, 2)",20,default,0.001,0.6353912775976716,0.636252794147531,0.6438446430164171,0.6440764072343019
449,False,False,True,True,True,"(1, 2)",20,default,0.01,0.6353785356601325,0.636252794147531,0.6438082374805913,0.6440764072343019
450,False,False,True,True,False,"(1, 2)",3,0.8,0.001,0.6824181285006198,0.6434667750457224,0.6945338908234386,0.6479374110953058
451,False,False,True,True,False,"(1, 2)",3,0.8,0.01,0.6812658932917339,0.6445844340581183,0.6937275082048976,0.6490550701077017
452,False,False,True,True,False,"(1, 2)",3,0.9,0.001,0.6824181285006198,0.6434667750457224,0.6945338908234386,0.6479374110953058
453,False,False,True,True,False,"(1, 2)",3,0.9,0.01,0.6812658932917339,0.6445844340581183,0.6937275082048976,0.6490550701077017
454,False,False,True,True,False,"(1, 2)",3,default,0.001,0.6824181285006198,0.6434667750457224,0.6945338908234386,0.6479374110953058
455,False,False,True,True,False,"(1, 2)",3,default,0.01,0.6812658932917339,0.6445844340581183,0.6937275082048976,0.6490550701077017
456,False,False,True,True,False,"(1, 2)",10,0.8,0.001,0.6476617634477498,0.640926640926641,0.657580451683483,0.6492582808372283
457,False,False,True,True,False,"(1, 2)",10,0.8,0.01,0.647561648224229,0.6410282462914042,0.6575131014422053,0.6490550701077017
458,False,False,True,True,False,"(1, 2)",10,0.9,0.001,0.6476617634477498,0.640926640926641,0.657580451683483,0.6492582808372283
459,False,False,True,True,False,"(1, 2)",10,0.9,0.01,0.647561648224229,0.6410282462914042,0.6575131014422053,0.6490550701077017
460,False,False,True,True,False,"(1, 2)",10,default,0.001,0.6476617634477498,0.640926640926641,0.657580451683483,0.6492582808372283
461,False,False,True,True,False,"(1, 2)",10,default,0.01,0.647561648224229,0.6410282462914042,0.6575131014422053,0.6490550701077017
462,False,False,True,True,False,"(1, 2)",20,0.8,0.001,0.6355878674911307,0.6367608209713473,0.6438992513201558,0.6435683804104857
463,False,False,True,True,False,"(1, 2)",20,0.8,0.01,0.6355733052768003,0.6367608209713473,0.6438792282754515,0.6436699857752489
464,False,False,True,True,False,"(1, 2)",20,0.9,0.001,0.6355878674911307,0.6367608209713473,0.6438992513201558,0.6435683804104857
465,False,False,True,True,False,"(1, 2)",20,0.9,0.01,0.6355733052768003,0.6367608209713473,0.6438792282754515,0.6436699857752489
466,False,False,True,True,False,"(1, 2)",20,default,0.001,0.6355878674911307,0.6367608209713473,0.6438992513201558,0.6435683804104857
467,False,False,True,True,False,"(1, 2)",20,default,0.01,0.6355733052768003,0.6367608209713473,0.6438792282754515,0.6436699857752489
468,False,False,True,False,True,"(1, 2)",3,0.8,0.001,0.6829205248950155,0.6439748018695387,0.6951436835485204,0.6492582808372283
469,False,False,True,False,True,"(1, 2)",3,0.8,0.01,0.681731884150304,0.6451940662466978,0.6943263792692317,0.6504775452143873
470,False,False,True,False,True,"(1, 2)",3,0.9,0.001,0.6829205248950155,0.6439748018695387,0.6951436835485204,0.6492582808372283
471,False,False,True,False,True,"(1, 2)",3,0.9,0.01,0.681731884150304,0.6451940662466978,0.6943263792692317,0.6504775452143873
472,False,False,True,False,True,"(1, 2)",3,default,0.001,0.6829205248950155,0.6439748018695387,0.6951436835485204,0.6492582808372283
473,False,False,True,False,True,"(1, 2)",3,default,0.01,0.681731884150304,0.6451940662466978,0.6943263792692317,0.6504775452143873
474,False,False,True,False,True,"(1, 2)",10,0.8,0.001,0.6478510722340439,0.6414346677504572,0.6579736314704014,0.6487502540134119
475,False,False,True,False,True,"(1, 2)",10,0.8,0.01,0.6477527772873143,0.6415362731152204,0.6579117420594975,0.6486486486486487
476,False,False,True,False,True,"(1, 2)",10,0.9,0.001,0.6478510722340439,0.6414346677504572,0.6579736314704014,0.6487502540134119
477,False,False,True,False,True,"(1, 2)",10,0.9,0.01,0.6477527772873143,0.6415362731152204,0.6579117420594975,0.6486486486486487
478,False,False,True,False,True,"(1, 2)",10,default,0.001,0.6478510722340439,0.6414346677504572,0.6579736314704014,0.6487502540134119
479,False,False,True,False,True,"(1, 2)",10,default,0.01,0.6477527772873143,0.6415362731152204,0.6579117420594975,0.6486486486486487
480,False,False,True,False,True,"(1, 2)",20,0.8,0.001,0.63567160022353,0.6369640317008738,0.6442560255712484,0.6438731965047755
481,False,False,True,False,True,"(1, 2)",20,0.8,0.01,0.6356461163484519,0.6369640317008738,0.6442250808657964,0.6438731965047755
482,False,False,True,False,True,"(1, 2)",20,0.9,0.001,0.63567160022353,0.6369640317008738,0.6442560255712484,0.6438731965047755
483,False,False,True,False,True,"(1, 2)",20,0.9,0.01,0.6356461163484519,0.6369640317008738,0.6442250808657964,0.6438731965047755
484,False,False,True,False,True,"(1, 2)",20,default,0.001,0.63567160022353,0.6369640317008738,0.6442560255712484,0.6438731965047755
485,False,False,True,False,True,"(1, 2)",20,default,0.01,0.6356461163484519,0.6369640317008738,0.6442250808657964,0.6438731965047755
486,False,False,True,False,False,"(1, 2)",3,0.8,0.001,0.6832281516727433,0.6443812233285917,0.6953712181474315,0.6490550701077017
487,False,False,True,False,False,"(1, 2)",3,0.8,0.01,0.6820340500976578,0.6454988823409876,0.6945484530377689,0.6501727291200975
488,False,False,True,False,False,"(1, 2)",3,0.9,0.001,0.6832281516727433,0.6443812233285917,0.6953712181474315,0.6490550701077017
489,False,False,True,False,False,"(1, 2)",3,0.9,0.01,0.6820340500976578,0.6454988823409876,0.6945484530377689,0.6501727291200975
490,False,False,True,False,False,"(1, 2)",3,default,0.001,0.6832281516727433,0.6443812233285917,0.6953712181474315,0.6490550701077017
491,False,False,True,False,False,"(1, 2)",3,default,0.01,0.6820340500976578,0.6454988823409876,0.6945484530377689,0.6501727291200975
492,False,False,True,False,False,"(1, 2)",10,0.8,0.001,0.6481040907080331,0.6415362731152204,0.6580446222652616,0.6487502540134119
493,False,False,True,False,False,"(1, 2)",10,0.8,0.01,0.6479857727165993,0.6415362731152204,0.6579936545151056,0.6486486486486487
494,False,False,True,False,False,"(1, 2)",10,0.9,0.001,0.6481040907080331,0.6415362731152204,0.6580446222652616,0.6487502540134119
495,False,False,True,False,False,"(1, 2)",10,0.9,0.01,0.6479857727165993,0.6415362731152204,0.6579936545151056,0.6486486486486487
496,False,False,True,False,False,"(1, 2)",10,default,0.001,0.6481040907080331,0.6415362731152204,0.6580446222652616,0.6487502540134119
497,False,False,True,False,False,"(1, 2)",10,default,0.01,0.6479857727165993,0.6415362731152204,0.6579936545151056,0.6486486486486487
498,False,False,True,False,False,"(1, 2)",20,0.8,0.001,0.635797199322129,0.637065637065637,0.6443015324910306,0.6434667750457224
499,False,False,True,False,False,"(1, 2)",20,0.8,0.01,0.6357698951702596,0.637065637065637,0.6442815094463265,0.6434667750457224
500,False,False,True,False,False,"(1, 2)",20,0.9,0.001,0.635797199322129,0.637065637065637,0.6443015324910306,0.6434667750457224
501,False,False,True,False,False,"(1, 2)",20,0.9,0.01,0.6357698951702596,0.637065637065637,0.6442815094463265,0.6434667750457224
502,False,False,True,False,False,"(1, 2)",20,default,0.001,0.635797199322129,0.637065637065637,0.6443015324910306,0.6434667750457224
503,False,False,True,False,False,"(1, 2)",20,default,0.01,0.6357698951702596,0.637065637065637,0.6442815094463265,0.6434667750457224
504,False,False,False,True,True,"(1, 2)",3,0.8,0.001,0.6886452954036191,0.641333062385694,0.700699168315534,0.6473277789067263
505,False,False,False,True,True,"(1, 2)",3,0.8,0.01,0.6873310555603085,0.6423491160333266,0.6997398824465249,0.6485470432838853
506,False,False,False,True,True,"(1, 2)",3,0.9,0.001,0.6886452954036191,0.641333062385694,0.700699168315534,0.6473277789067263
507,False,False,False,True,True,"(1, 2)",3,0.9,0.01,0.6873310555603085,0.6423491160333266,0.6997398824465249,0.6485470432838853
508,False,False,False,True,True,"(1, 2)",3,default,0.001,0.6886452954036191,0.641333062385694,0.700699168315534,0.6473277789067263
509,False,False,False,True,True,"(1, 2)",3,default,0.01,0.6873310555603085,0.6423491160333266,0.6997398824465249,0.6485470432838853
510,False,False,False,True,True,"(1, 2)",10,0.8,0.001,0.6489068327729914,0.6372688477951636,0.6582575946498425,0.6452956716114611
511,False,False,False,True,True,"(1, 2)",10,0.8,0.01,0.6487939756119315,0.637065637065637,0.6581574794263215,0.6457020930705141
512,False,False,False,True,True,"(1, 2)",10,0.9,0.001,0.6489068327729914,0.6372688477951636,0.6582575946498425,0.6452956716114611
513,False,False,False,True,True,"(1, 2)",10,0.9,0.01,0.6487939756119315,0.637065637065637,0.6581574794263215,0.6457020930705141
514,False,False,False,True,True,"(1, 2)",10,default,0.001,0.6489068327729914,0.6372688477951636,0.6582575946498425,0.6452956716114611
515,False,False,False,True,True,"(1, 2)",10,default,0.01,0.6487939756119315,0.637065637065637,0.6581574794263215,0.6457020930705141
516,False,False,False,True,True,"(1, 2)",20,0.8,0.001,0.6350745494359873,0.6328998171103434,0.643194804201927,0.6396057711847185
517,False,False,False,True,True,"(1, 2)",20,0.8,0.01,0.6350454250073266,0.6328998171103434,0.6431784217108053,0.6398089819142451
518,False,False,False,True,True,"(1, 2)",20,0.9,0.001,0.6350745494359873,0.6328998171103434,0.643194804201927,0.6396057711847185
519,False,False,False,True,True,"(1, 2)",20,0.9,0.01,0.6350454250073266,0.6328998171103434,0.6431784217108053,0.6398089819142451
520,False,False,False,True,True,"(1, 2)",20,default,0.001,0.6350745494359873,0.6328998171103434,0.643194804201927,0.6396057711847185
521,False,False,False,True,True,"(1, 2)",20,default,0.01,0.6350454250073266,0.6328998171103434,0.6431784217108053,0.6398089819142451
522,False,False,False,True,False,"(1, 2)",3,0.8,0.001,0.6912173465097102,0.6403170087380614,0.7035460812171098,0.6459053038000406
523,False,False,False,True,False,"(1, 2)",3,0.8,0.01,0.6898903647288607,0.641739483844747,0.7025394681515271,0.6473277789067263
524,False,False,False,True,False,"(1, 2)",3,0.9,0.001,0.6912173465097102,0.6403170087380614,0.7035460812171098,0.6459053038000406
525,False,False,False,True,False,"(1, 2)",3,0.9,0.01,0.6898903647288607,0.641739483844747,0.7025394681515271,0.6473277789067263
526,False,False,False,True,False,"(1, 2)",3,default,0.001,0.6912173465097102,0.6403170087380614,0.7035460812171098,0.6459053038000406
527,False,False,False,True,False,"(1, 2)",3,default,0.01,0.6898903647288607,0.641739483844747,0.7025394681515271,0.6473277789067263
528,False,False,False,True,False,"(1, 2)",10,0.8,0.001,0.6496895517932457,0.6382849014427961,0.6595663736627791,0.6438731965047755
529,False,False,False,True,False,"(1, 2)",10,0.8,0.01,0.64959671767689,0.6382849014427961,0.6594844612071712,0.6438731965047755
530,False,False,False,True,False,"(1, 2)",10,0.9,0.001,0.6496895517932457,0.6382849014427961,0.6595663736627791,0.6438731965047755
531,False,False,False,True,False,"(1, 2)",10,0.9,0.01,0.64959671767689,0.6382849014427961,0.6594844612071712,0.6438731965047755
532,False,False,False,True,False,"(1, 2)",10,default,0.001,0.6496895517932457,0.6382849014427961,0.6595663736627791,0.6438731965047755
533,False,False,False,True,False,"(1, 2)",10,default,0.01,0.64959671767689,0.6382849014427961,0.6594844612071712,0.6438731965047755
534,False,False,False,True,False,"(1, 2)",20,0.8,0.001,0.6359701256173014,0.6331030278398699,0.6440667167849543,0.6381832960780329
535,False,False,False,True,False,"(1, 2)",20,0.8,0.01,0.6359464620190146,0.6331030278398699,0.6440339518027112,0.6380816907132697
536,False,False,False,True,False,"(1, 2)",20,0.9,0.001,0.6359701256173014,0.6331030278398699,0.6440667167849543,0.6381832960780329
537,False,False,False,True,False,"(1, 2)",20,0.9,0.01,0.6359464620190146,0.6331030278398699,0.6440339518027112,0.6380816907132697
538,False,False,False,True,False,"(1, 2)",20,default,0.001,0.6359701256173014,0.6331030278398699,0.6440667167849543,0.6381832960780329
539,False,False,False,True,False,"(1, 2)",20,default,0.01,0.6359464620190146,0.6331030278398699,0.6440339518027112,0.6380816907132697
540,False,False,False,False,True,"(1, 2)",3,0.8,0.001,0.6893370005843088,0.6424507213980898,0.701618408095135,0.6488518593781751
541,False,False,False,False,True,"(1, 2)",3,0.8,0.01,0.687995456589129,0.6434667750457224,0.7006336383510476,0.6498679130258077
542,False,False,False,False,True,"(1, 2)",3,0.9,0.001,0.6893370005843088,0.6424507213980898,0.701618408095135,0.6488518593781751
543,False,False,False,False,True,"(1, 2)",3,0.9,0.01,0.687995456589129,0.6434667750457224,0.7006336383510476,0.6498679130258077
544,False,False,False,False,True,"(1, 2)",3,default,0.001,0.6893370005843088,0.6424507213980898,0.701618408095135,0.6488518593781751
545,False,False,False,False,True,"(1, 2)",3,default,0.01,0.687995456589129,0.6434667750457224,0.7006336383510476,0.6498679130258077
546,False,False,False,False,True,"(1, 2)",10,0.8,0.001,0.6492490448097538,0.6390977443609023,0.6587490693834904,0.646413330623857
547,False,False,False,False,True,"(1, 2)",10,0.8,0.01,0.6491270862647374,0.638996138996139,0.6586871799725866,0.6465149359886202
548,False,False,False,False,True,"(1, 2)",10,0.9,0.001,0.6492490448097538,0.6390977443609023,0.6587490693834904,0.646413330623857
549,False,False,False,False,True,"(1, 2)",10,0.9,0.01,0.6491270862647374,0.638996138996139,0.6586871799725866,0.6465149359886202
550,False,False,False,False,True,"(1, 2)",10,default,0.001,0.6492490448097538,0.6390977443609023,0.6587490693834904,0.646413330623857
551,False,False,False,False,True,"(1, 2)",10,default,0.01,0.6491270862647374,0.638996138996139,0.6586871799725866,0.6465149359886202
552,False,False,False,False,True,"(1, 2)",20,0.8,0.001,0.6353803559369238,0.6335094492989229,0.6435042512564461,0.6387929282666125
553,False,False,False,False,True,"(1, 2)",20,0.8,0.01,0.635356692338637,0.6334078439341597,0.6434933295956983,0.6388945336313757
554,False,False,False,False,True,"(1, 2)",20,0.9,0.001,0.6353803559369238,0.6335094492989229,0.6435042512564461,0.6387929282666125
555,False,False,False,False,True,"(1, 2)",20,0.9,0.01,0.635356692338637,0.6334078439341597,0.6434933295956983,0.6388945336313757
556,False,False,False,False,True,"(1, 2)",20,default,0.001,0.6353803559369238,0.6335094492989229,0.6435042512564461,0.6387929282666125
557,False,False,False,False,True,"(1, 2)",20,default,0.01,0.635356692338637,0.6334078439341597,0.6434933295956983,0.6388945336313757
558,False,False,False,False,False,"(1, 2)",3,0.8,0.001,0.6919636599941387,0.6421459053038,0.7042760122104167,0.6485470432838853
559,False,False,False,False,False,"(1, 2)",3,0.8,0.01,0.6905747888023853,0.6433651696809591,0.7032511963769211,0.6498679130258077
560,False,False,False,False,False,"(1, 2)",3,0.9,0.001,0.6919636599941387,0.6421459053038,0.7042760122104167,0.6485470432838853
561,False,False,False,False,False,"(1, 2)",3,0.9,0.01,0.6905747888023853,0.6433651696809591,0.7032511963769211,0.6498679130258077
562,False,False,False,False,False,"(1, 2)",3,default,0.001,0.6919636599941387,0.6421459053038,0.7042760122104167,0.6485470432838853
563,False,False,False,False,False,"(1, 2)",3,default,0.01,0.6905747888023853,0.6433651696809591,0.7032511963769211,0.6498679130258077
564,False,False,False,False,False,"(1, 2)",10,0.8,0.001,0.6502046901251805,0.6395041658199553,0.660157963619948,0.6449908555171713
565,False,False,False,False,False,"(1, 2)",10,0.8,0.01,0.650082731580164,0.6395041658199553,0.6600869728250878,0.6447876447876448
566,False,False,False,False,False,"(1, 2)",10,0.9,0.001,0.6502046901251805,0.6395041658199553,0.660157963619948,0.6449908555171713
567,False,False,False,False,False,"(1, 2)",10,0.9,0.01,0.650082731580164,0.6395041658199553,0.6600869728250878,0.6447876447876448
568,False,False,False,False,False,"(1, 2)",10,default,0.001,0.6502046901251805,0.6395041658199553,0.660157963619948,0.6449908555171713
569,False,False,False,False,False,"(1, 2)",10,default,0.01,0.650082731580164,0.6395041658199553,0.6600869728250878,0.6447876447876448
570,False,False,False,False,False,"(1, 2)",20,0.8,0.001,0.6362959551629421,0.6341190814875025,0.644259666124831,0.6388945336313757
571,False,False,False,False,False,"(1, 2)",20,0.8,0.01,0.6362704712878641,0.6341190814875025,0.6442396430801267,0.638996138996139
572,False,False,False,False,False,"(1, 2)",20,0.9,0.001,0.6362959551629421,0.6341190814875025,0.644259666124831,0.6388945336313757
573,False,False,False,False,False,"(1, 2)",20,0.9,0.01,0.6362704712878641,0.6341190814875025,0.6442396430801267,0.638996138996139
574,False,False,False,False,False,"(1, 2)",20,default,0.001,0.6362959551629421,0.6341190814875025,0.644259666124831,0.6388945336313757
575,False,False,False,False,False,"(1, 2)",20,default,0.01,0.6362704712878641,0.6341190814875025,0.6442396430801267,0.638996138996139
